iter,loss,updates,lr,mae,over,greedy,profile
500,0.02923,1,0.0009512270462715806,,,,"{""1"": 0.936, ""5"": 0.921, ""10"": 0.918, ""15"": 0.916, ""20"": 0.916, ""25"": 0.915, ""30"": 0.917}"
1000,0.01211,2,0.0009048328935585558,,,,"{""1"": 1.026, ""5"": 1.859, ""10"": 1.87, ""15"": 1.873, ""20"": 1.873, ""25"": 1.873, ""30"": 1.874}"
1500,0.01086,3,0.0008607015207090724,,,,"{""1"": 0.975, ""5"": 2.819, ""10"": 2.841, ""15"": 2.844, ""20"": 2.845, ""25"": 2.845, ""30"": 2.846}"
2000,0.00799,4,0.0008187225652655486,,,,"{""1"": 1.042, ""5"": 3.734, ""10"": 3.822, ""15"": 3.827, ""20"": 3.828, ""25"": 3.828, ""30"": 3.829}"
2500,0.00901,5,0.0007787910474734395,,,,"{""1"": 0.962, ""5"": 4.592, ""10"": 4.819, ""15"": 4.832, ""20"": 4.834, ""25"": 4.834, ""30"": 4.834}"
3000,0.01198,6,0.000740807107750911,,,,"{""1"": 1.03, ""5"": 4.942, ""10"": 5.787, ""15"": 5.817, ""20"": 5.82, ""25"": 5.821, ""30"": 5.821}"
3500,0.01718,7,0.0007046757569628925,,,,"{""1"": 1.044, ""5"": 4.964, ""10"": 6.758, ""15"": 6.843, ""20"": 6.847, ""25"": 6.848, ""30"": 6.848}"
4000,0.02608,8,0.0006703066388750028,,,,"{""1"": 0.901, ""5"": 4.95, ""10"": 7.569, ""15"": 7.787, ""20"": 7.802, ""25"": 7.805, ""30"": 7.807}"
4500,0.04016,9,0.0006376138041933,,,,"{""1"": 0.816, ""5"": 4.805, ""10"": 8.202, ""15"": 8.661, ""20"": 8.708, ""25"": 8.718, ""30"": 8.723}"
5000,0.05594,10,0.0006065154956247788,,,,"{""1"": 1.04, ""5"": 4.809, ""10"": 8.751, ""15"": 9.538, ""20"": 9.652, ""25"": 9.678, ""30"": 9.692}"
5500,0.07586,11,0.0005769339434211017,,,,"{""1"": 1.092, ""5"": 4.753, ""10"": 9.068, ""15"": 10.254, ""20"": 10.473, ""25"": 10.534, ""30"": 10.562}"
6000,0.10091,12,0.00054879517089427,,,,"{""1"": 0.993, ""5"": 4.635, ""10"": 9.2, ""15"": 10.773, ""20"": 11.126, ""25"": 11.243, ""30"": 11.301}"
6500,0.13012,13,0.0005220288094178658,,,,"{""1"": 0.92, ""5"": 4.747, ""10"": 9.279, ""15"": 11.143, ""20"": 11.63, ""25"": 11.805, ""30"": 11.902}"
7000,0.15063,14,0.0004965679224512268,,,,"{""1"": 0.999, ""5"": 5.002, ""10"": 9.345, ""15"": 11.406, ""20"": 12.001, ""25"": 12.23, ""30"": 12.357}"
7500,0.16278,15,0.00047234883814649604,,,,"{""1"": 0.723, ""5"": 4.92, ""10"": 9.298, ""15"": 11.453, ""20"": 12.119, ""25"": 12.391, ""30"": 12.543}"
8000,0.16794,16,0.0004493109901199042,,,,"{""1"": 0.968, ""5"": 4.704, ""10"": 9.321, ""15"": 11.522, ""20"": 12.238, ""25"": 12.54, ""30"": 12.711}"
8500,0.17194,17,0.0004273967659891164,,,,"{""1"": 1.107, ""5"": 4.683, ""10"": 9.357, ""15"": 11.6, ""20"": 12.356, ""25"": 12.677, ""30"": 12.861}"
9000,0.17547,18,0.00040655136329785274,,,,"{""1"": 1.005, ""5"": 4.672, ""10"": 9.379, ""15"": 11.636, ""20"": 12.406, ""25"": 12.733, ""30"": 12.925}"
9500,0.1785,19,0.00038672265246750037,,,,"{""1"": 1.04, ""5"": 4.612, ""10"": 9.359, ""15"": 11.648, ""20"": 12.42, ""25"": 12.758, ""30"": 12.944}"
10000,0.18273,20,0.000367861046432972,,,,"{""1"": 0.916, ""5"": 4.85, ""10"": 9.441, ""15"": 11.784, ""20"": 12.559, ""25"": 12.895, ""30"": 13.079}"
10500,0.18337,21,0.000349919376636809,,,,"{""1"": 0.968, ""5"": 4.978, ""10"": 9.475, ""15"": 11.887, ""20"": 12.679, ""25"": 13.025, ""30"": 13.209}"
11000,0.18764,22,0.0003328527750714248,,,,"{""1"": 1.156, ""5"": 4.876, ""10"": 9.436, ""15"": 11.894, ""20"": 12.721, ""25"": 13.071, ""30"": 13.26}"
11500,0.19074,23,0.00031661856207449026,,,,"{""1"": 1.056, ""5"": 4.898, ""10"": 9.421, ""15"": 11.885, ""20"": 12.739, ""25"": 13.107, ""30"": 13.303}"
12000,0.19226,24,0.0003011761395968728,,,,"{""1"": 0.848, ""5"": 4.813, ""10"": 9.46, ""15"": 11.873, ""20"": 12.732, ""25"": 13.111, ""30"": 13.311}"
12500,0.18658,25,0.0002864868896762105,,,,"{""1"": 0.858, ""5"": 4.893, ""10"": 9.584, ""15"": 11.962, ""20"": 12.803, ""25"": 13.184, ""30"": 13.383}"
13000,0.18188,26,0.00027251407786223414,,,,"{""1"": 0.953, ""5"": 4.922, ""10"": 9.641, ""15"": 12.014, ""20"": 12.845, ""25"": 13.218, ""30"": 13.413}"
13500,0.1833,27,0.00025922276135231695,,,,"{""1"": 1.008, ""5"": 4.755, ""10"": 9.672, ""15"": 12.083, ""20"": 12.906, ""25"": 13.27, ""30"": 13.461}"
14000,0.18625,28,0.0002465797016075273,,,,"{""1"": 1.062, ""5"": 4.606, ""10"": 9.692, ""15"": 12.174, ""20"": 13.005, ""25"": 13.369, ""30"": 13.557}"
14500,0.19514,29,0.00023455328123065593,,,,"{""1"": 1.033, ""5"": 4.722, ""10"": 9.691, ""15"": 12.231, ""20"": 13.088, ""25"": 13.456, ""30"": 13.648}"
15000,0.20234,30,0.00022311342489834442,,,,"{""1"": 1.011, ""5"": 4.861, ""10"": 9.664, ""15"": 12.255, ""20"": 13.13, ""25"": 13.502, ""30"": 13.697}"
15500,0.20375,31,0.00021223152414958846,,,,"{""1"": 0.834, ""5"": 4.883, ""10"": 9.573, ""15"": 12.214, ""20"": 13.101, ""25"": 13.483, ""30"": 13.682}"
16000,0.20431,32,0.000201880365842529,,,,"{""1"": 1.087, ""5"": 4.863, ""10"": 9.535, ""15"": 12.2, ""20"": 13.117, ""25"": 13.505, ""30"": 13.711}"
16500,0.20413,33,0.00019203406410061495,,,,"{""1"": 1.048, ""5"": 4.807, ""10"": 9.544, ""15"": 12.187, ""20"": 13.119, ""25"": 13.521, ""30"": 13.728}"
17000,0.20245,34,0.00018266799557795538,,,,"{""1"": 1.024, ""5"": 4.758, ""10"": 9.55, ""15"": 12.148, ""20"": 13.091, ""25"": 13.499, ""30"": 13.715}"
17500,0.19695,35,0.00017375873788196854,,,,"{""1"": 0.921, ""5"": 4.735, ""10"": 9.57, ""15"": 12.139, ""20"": 13.063, ""25"": 13.47, ""30"": 13.688}"
18000,0.19308,36,0.0001652840109993426,,,,"{""1"": 0.907, ""5"": 4.891, ""10"": 9.583, ""15"": 12.145, ""20"": 13.051, ""25"": 13.453, ""30"": 13.667}"
18500,0.19084,37,0.0001572226215788241,,,,"{""1"": 1.081, ""5"": 4.885, ""10"": 9.589, ""15"": 12.171, ""20"": 13.074, ""25"": 13.468, ""30"": 13.678}"
19000,0.18999,38,0.00014955440993149924,,,,"{""1"": 0.959, ""5"": 4.814, ""10"": 9.545, ""15"": 12.148, ""20"": 13.053, ""25"": 13.447, ""30"": 13.657}"
19500,0.19068,39,0.0001422601996160291,,,,"{""1"": 0.949, ""5"": 4.731, ""10"": 9.588, ""15"": 12.19, ""20"": 13.106, ""25"": 13.505, ""30"": 13.712}"
20000,0.19288,40,0.00013532174948276067,,,,"{""1"": 0.972, ""5"": 4.751, ""10"": 9.596, ""15"": 12.19, ""20"": 13.112, ""25"": 13.514, ""30"": 13.725}"
20500,0.19234,41,0.00012872170805678932,,,,"{""1"": 1.025, ""5"": 4.833, ""10"": 9.598, ""15"": 12.216, ""20"": 13.146, ""25"": 13.549, ""30"": 13.766}"
21000,0.19394,42,0.0001224435701458928,,,,"{""1"": 1.021, ""5"": 4.76, ""10"": 9.591, ""15"": 12.254, ""20"": 13.19, ""25"": 13.599, ""30"": 13.813}"
21500,0.19608,43,0.00011647163556482468,,,,"{""1"": 0.945, ""5"": 4.78, ""10"": 9.547, ""15"": 12.218, ""20"": 13.15, ""25"": 13.561, ""30"": 13.771}"
22000,0.19682,44,0.00011079096987274824,,,,"{""1"": 1.043, ""5"": 4.835, ""10"": 9.547, ""15"": 12.221, ""20"": 13.169, ""25"": 13.581, ""30"": 13.795}"
22500,0.19746,45,0.00010538736702561795,,,,"{""1"": 0.892, ""5"": 4.867, ""10"": 9.571, ""15"": 12.243, ""20"": 13.199, ""25"": 13.615, ""30"": 13.834}"
23000,0.19544,46,0.00010024731385011745,,,,"{""1"": 1.052, ""5"": 4.825, ""10"": 9.571, ""15"": 12.264, ""20"": 13.224, ""25"": 13.651, ""30"": 13.872}"
23500,0.19544,47,9.535795625030743e-05,,,,"{""1"": 1.061, ""5"": 4.808, ""10"": 9.593, ""15"": 12.276, ""20"": 13.242, ""25"": 13.671, ""30"": 13.894}"
24000,0.19409,48,9.070706706247472e-05,,,,"{""1"": 1.032, ""5"": 4.831, ""10"": 9.609, ""15"": 12.271, ""20"": 13.234, ""25"": 13.659, ""30"": 13.882}"
24500,0.19264,49,8.628301547779609e-05,,,,"{""1"": 1.078, ""5"": 4.786, ""10"": 9.633, ""15"": 12.309, ""20"": 13.268, ""25"": 13.692, ""30"": 13.913}"
25000,0.1927,50,8.2074737956349e-05,,,,"{""1"": 1.059, ""5"": 4.928, ""10"": 9.615, ""15"": 12.321, ""20"": 13.282, ""25"": 13.706, ""30"": 13.926}"
25500,0.1934,51,7.807171055973175e-05,,,,"{""1"": 1.042, ""5"": 4.953, ""10"": 9.612, ""15"": 12.331, ""20"": 13.299, ""25"": 13.726, ""30"": 13.943}"
26000,0.19302,52,7.426392263310356e-05,,,,"{""1"": 1.037, ""5"": 4.944, ""10"": 9.595, ""15"": 12.334, ""20"": 13.315, ""25"": 13.748, ""30"": 13.966}"
26500,0.1939,53,7.064185177082823e-05,,,,"{""1"": 1.079, ""5"": 4.964, ""10"": 9.625, ""15"": 12.344, ""20"": 13.334, ""25"": 13.773, ""30"": 13.992}"
27000,0.19152,54,6.719644000311978e-05,,,,"{""1"": 0.938, ""5"": 4.93, ""10"": 9.665, ""15"": 12.358, ""20"": 13.35, ""25"": 13.788, ""30"": 14.01}"
27500,0.1893,55,6.391907114413309e-05,,,,"{""1"": 1.03, ""5"": 4.926, ""10"": 9.706, ""15"": 12.395, ""20"": 13.384, ""25"": 13.822, ""30"": 14.046}"
28000,0.18929,56,6.080154924485668e-05,,,,"{""1"": 1.037, ""5"": 4.901, ""10"": 9.724, ""15"": 12.398, ""20"": 13.382, ""25"": 13.817, ""30"": 14.036}"
28500,0.1887,57,5.783607809692113e-05,,,,"{""1"": 0.987, ""5"": 4.88, ""10"": 9.726, ""15"": 12.402, ""20"": 13.371, ""25"": 13.801, ""30"": 14.019}"
29000,0.18989,58,5.5015241736066813e-05,,,,"{""1"": 1.048, ""5"": 4.809, ""10"": 9.736, ""15"": 12.443, ""20"": 13.416, ""25"": 13.841, ""30"": 14.057}"
29500,0.19218,59,5.23319858965158e-05,,,,"{""1"": 0.97, ""5"": 4.882, ""10"": 9.722, ""15"": 12.453, ""20"": 13.43, ""25"": 13.858, ""30"": 14.075}"
30000,0.19521,60,4.977960036986875e-05,,,,"{""1"": 1.028, ""5"": 4.884, ""10"": 9.701, ""15"": 12.454, ""20"": 13.439, ""25"": 13.871, ""30"": 14.089}"
30500,0.19623,61,4.7351702224409895e-05,,,,"{""1"": 0.952, ""5"": 4.852, ""10"": 9.69, ""15"": 12.453, ""20"": 13.447, ""25"": 13.886, ""30"": 14.106}"
31000,0.19714,62,4.5042219842856905e-05,,,,"{""1"": 0.988, ""5"": 4.873, ""10"": 9.709, ""15"": 12.475, ""20"": 13.478, ""25"": 13.92, ""30"": 14.143}"
31500,0.19746,63,4.2845377738636e-05,,,,"{""1"": 1.006, ""5"": 4.824, ""10"": 9.7, ""15"": 12.468, ""20"": 13.47, ""25"": 13.917, ""30"": 14.141}"
32000,0.19697,64,4.0755682112712924e-05,,,,"{""1"": 0.949, ""5"": 4.839, ""10"": 9.705, ""15"": 12.478, ""20"": 13.478, ""25"": 13.923, ""30"": 14.148}"
32500,0.19694,65,3.876790711485942e-05,,,,"{""1"": 0.989, ""5"": 4.788, ""10"": 9.693, ""15"": 12.477, ""20"": 13.477, ""25"": 13.921, ""30"": 14.146}"
33000,0.19846,66,3.687708177499871e-05,,,,"{""1"": 1.018, ""5"": 4.811, ""10"": 9.678, ""15"": 12.48, ""20"": 13.486, ""25"": 13.932, ""30"": 14.155}"
33500,0.20055,67,3.5078477571947556e-05,,,,"{""1"": 1.019, ""5"": 4.814, ""10"": 9.649, ""15"": 12.466, ""20"": 13.481, ""25"": 13.928, ""30"": 14.153}"
34000,0.20039,68,3.336759660846753e-05,,,,"{""1"": 1.017, ""5"": 4.794, ""10"": 9.629, ""15"": 12.445, ""20"": 13.463, ""25"": 13.912, ""30"": 14.139}"
34500,0.19983,69,3.174016036305423e-05,,,,"{""1"": 1.019, ""5"": 4.833, ""10"": 9.603, ""15"": 12.413, ""20"": 13.435, ""25"": 13.887, ""30"": 14.116}"
35000,0.20036,70,3.01920989903344e-05,,,,"{""1"": 0.972, ""5"": 4.855, ""10"": 9.594, ""15"": 12.395, ""20"": 13.421, ""25"": 13.875, ""30"": 14.106}"
35500,0.19752,71,2.8719541143314977e-05,,,,"{""1"": 0.98, ""5"": 4.855, ""10"": 9.587, ""15"": 12.372, ""20"": 13.394, ""25"": 13.849, ""30"": 14.078}"
36000,0.19564,72,2.731880429203064e-05,,,,"{""1"": 0.996, ""5"": 4.849, ""10"": 9.61, ""15"": 12.379, ""20"": 13.398, ""25"": 13.853, ""30"": 14.081}"
36500,0.19371,73,2.5986385514379668e-05,,,,"{""1"": 0.991, ""5"": 4.823, ""10"": 9.612, ""15"": 12.362, ""20"": 13.371, ""25"": 13.823, ""30"": 14.05}"
37000,0.19263,74,2.4718952736117995e-05,,,,"{""1"": 0.957, ""5"": 4.795, ""10"": 9.64, ""15"": 12.377, ""20"": 13.381, ""25"": 13.828, ""30"": 14.055}"
37500,0.1919,75,2.3513336398104336e-05,,,,"{""1"": 0.997, ""5"": 4.811, ""10"": 9.646, ""15"": 12.386, ""20"": 13.388, ""25"": 13.832, ""30"": 14.057}"
38000,0.19177,76,2.2366521529958812e-05,,,,"{""1"": 1.022, ""5"": 4.823, ""10"": 9.657, ""15"": 12.412, ""20"": 13.413, ""25"": 13.856, ""30"": 14.082}"
38500,0.19357,77,2.1275640210312432e-05,,,,"{""1"": 1.034, ""5"": 4.811, ""10"": 9.66, ""15"": 12.434, ""20"": 13.438, ""25"": 13.878, ""30"": 14.103}"
39000,0.19411,78,2.023796439479237e-05,,,,"{""1"": 1.007, ""5"": 4.806, ""10"": 9.648, ""15"": 12.439, ""20"": 13.449, ""25"": 13.89, ""30"": 14.116}"
39500,0.19531,79,1.9250899093807767e-05,,,,"{""1"": 1.007, ""5"": 4.855, ""10"": 9.626, ""15"": 12.43, ""20"": 13.447, ""25"": 13.89, ""30"": 14.117}"
40000,0.1966,80,1.8311975883074994e-05,,,,"{""1"": 1.025, ""5"": 4.896, ""10"": 9.626, ""15"": 12.432, ""20"": 13.455, ""25"": 13.904, ""30"": 14.133}"
40500,0.19618,81,1.741884673065388e-05,,,,"{""1"": 0.967, ""5"": 4.886, ""10"": 9.625, ""15"": 12.424, ""20"": 13.448, ""25"": 13.902, ""30"": 14.132}"
41000,0.19527,82,1.656927812505728e-05,,,,"{""1"": 1.02, ""5"": 4.867, ""10"": 9.621, ""15"": 12.396, ""20"": 13.419, ""25"": 13.874, ""30"": 14.106}"
41500,0.19357,83,1.576114548975053e-05,,,,"{""1"": 1.012, ""5"": 4.85, ""10"": 9.627, ""15"": 12.38, ""20"": 13.399, ""25"": 13.851, ""30"": 14.083}"
42000,0.19091,84,1.4992427870072048e-05,,,,"{""1"": 0.985, ""5"": 4.856, ""10"": 9.651, ""15"": 12.393, ""20"": 13.405, ""25"": 13.854, ""30"": 14.084}"
42500,0.18999,85,1.4261202879288355e-05,,,,"{""1"": 0.996, ""5"": 4.827, ""10"": 9.663, ""15"": 12.41, ""20"": 13.414, ""25"": 13.859, ""30"": 14.087}"
43000,0.19017,86,1.3565641891145242e-05,,,,"{""1"": 0.987, ""5"": 4.87, ""10"": 9.671, ""15"": 12.436, ""20"": 13.438, ""25"": 13.88, ""30"": 14.106}"
43500,0.19121,87,1.2904005466892093e-05,,,,"{""1"": 0.982, ""5"": 4.851, ""10"": 9.673, ""15"": 12.456, ""20"": 13.462, ""25"": 13.902, ""30"": 14.128}"
44000,0.19288,88,1.2274639005344101e-05,,,,"{""1"": 1.019, ""5"": 4.831, ""10"": 9.667, ""15"": 12.463, ""20"": 13.474, ""25"": 13.917, ""30"": 14.143}"
44500,0.19495,89,1.1675968605103413e-05,,,,"{""1"": 1.004, ""5"": 4.83, ""10"": 9.663, ""15"": 12.461, ""20"": 13.478, ""25"": 13.926, ""30"": 14.154}"
45000,0.19632,90,1.1106497128592222e-05,,,,"{""1"": 0.999, ""5"": 4.834, ""10"": 9.676, ""15"": 12.48, ""20"": 13.503, ""25"": 13.954, ""30"": 14.184}"
45500,0.19592,91,1.056480045805458e-05,,,,"{""1"": 0.996, ""5"": 4.848, ""10"": 9.665, ""15"": 12.47, ""20"": 13.494, ""25"": 13.946, ""30"": 14.176}"
46000,0.19685,92,1.0049523934163915e-05,,,,"{""1"": 0.987, ""5"": 4.868, ""10"": 9.664, ""15"": 12.473, ""20"": 13.496, ""25"": 13.949, ""30"": 14.179}"
46500,0.19569,93,9.559378968330285e-06,,,,"{""1"": 0.988, ""5"": 4.844, ""10"": 9.666, ""15"": 12.474, ""20"": 13.499, ""25"": 13.951, ""30"": 14.181}"
47000,0.19559,94,9.093139820235477e-06,,,,"{""1"": 0.996, ""5"": 4.829, ""10"": 9.656, ""15"": 12.468, ""20"": 13.495, ""25"": 13.948, ""30"": 14.178}"
47500,0.19601,95,8.649640532537082e-06,,,,"{""1"": 0.999, ""5"": 4.825, ""10"": 9.652, ""15"": 12.457, ""20"": 13.486, ""25"": 13.939, ""30"": 14.17}"
48000,0.19475,96,8.227772015076205e-06,,,,"{""1"": 0.997, ""5"": 4.824, ""10"": 9.647, ""15"": 12.452, ""20"": 13.479, ""25"": 13.934, ""30"": 14.165}"
48500,0.19505,97,7.826479271296906e-06,,,,"{""1"": 1.0, ""5"": 4.831, ""10"": 9.64, ""15"": 12.441, ""20"": 13.467, ""25"": 13.921, ""30"": 14.152}"
49000,0.19497,98,7.444758759941517e-06,,,,"{""1"": 1.006, ""5"": 4.841, ""10"": 9.638, ""15"": 12.44, ""20"": 13.464, ""25"": 13.916, ""30"": 14.148}"
49500,0.19392,99,7.081655885423643e-06,,,,"{""1"": 0.991, ""5"": 4.845, ""10"": 9.638, ""15"": 12.443, ""20"": 13.466, ""25"": 13.916, ""30"": 14.148}"
50000,0.1942,100,6.73626261060329e-06,,,,"{""1"": 1.002, ""5"": 4.846, ""10"": 9.643, ""15"": 12.446, ""20"": 13.47, ""25"": 13.922, ""30"": 14.152}"
50500,0.19431,101,6.407715185993847e-06,,,,"{""1"": 1.004, ""5"": 4.846, ""10"": 9.646, ""15"": 12.446, ""20"": 13.47, ""25"": 13.921, ""30"": 14.152}"
51000,0.19368,102,6.095191989722489e-06,,,,"{""1"": 1.001, ""5"": 4.837, ""10"": 9.642, ""15"": 12.438, ""20"": 13.464, ""25"": 13.915, ""30"": 14.146}"
51500,0.19335,103,5.797911472841924e-06,,,,"{""1"": 1.006, ""5"": 4.834, ""10"": 9.643, ""15"": 12.435, ""20"": 13.459, ""25"": 13.91, ""30"": 14.141}"
52000,0.19328,104,5.51513020485554e-06,,,,"{""1"": 1.001, ""5"": 4.839, ""10"": 9.643, ""15"": 12.433, ""20"": 13.456, ""25"": 13.907, ""30"": 14.138}"
52500,0.19307,105,5.246141014567918e-06,,,,"{""1"": 1.0, ""5"": 4.845, ""10"": 9.643, ""15"": 12.438, ""20"": 13.459, ""25"": 13.909, ""30"": 14.14}"
53000,0.19314,106,4.990271221611636e-06,,,,"{""1"": 0.998, ""5"": 4.849, ""10"": 9.644, ""15"": 12.444, ""20"": 13.465, ""25"": 13.914, ""30"": 14.144}"
53500,0.19335,107,4.746880954227704e-06,,,,"{""1"": 1.001, ""5"": 4.856, ""10"": 9.656, ""15"": 12.455, ""20"": 13.477, ""25"": 13.927, ""30"": 14.156}"
54000,0.19322,108,4.515361549092842e-06,,,,"{""1"": 1.008, ""5"": 4.844, ""10"": 9.672, ""15"": 12.468, ""20"": 13.49, ""25"": 13.939, ""30"": 14.169}"
54500,0.1936,109,4.295134029191855e-06,,,,"{""1"": 1.014, ""5"": 4.835, ""10"": 9.667, ""15"": 12.463, ""20"": 13.485, ""25"": 13.934, ""30"": 14.164}"
55000,0.19397,110,4.085647655928729e-06,,,,"{""1"": 0.997, ""5"": 4.841, ""10"": 9.678, ""15"": 12.479, ""20"": 13.5, ""25"": 13.95, ""30"": 14.18}"
55500,0.19423,111,3.8863785518555e-06,,,,"{""1"": 0.996, ""5"": 4.848, ""10"": 9.676, ""15"": 12.488, ""20"": 13.513, ""25"": 13.963, ""30"": 14.194}"
56000,0.19528,112,3.696828390574729e-06,,,,"{""1"": 1.003, ""5"": 4.857, ""10"": 9.679, ""15"": 12.498, ""20"": 13.526, ""25"": 13.977, ""30"": 14.208}"
56500,0.19591,113,3.516523150539324e-06,,,,"{""1"": 0.992, ""5"": 4.857, ""10"": 9.674, ""15"": 12.497, ""20"": 13.528, ""25"": 13.98, ""30"": 14.211}"
57000,0.1953,114,3.3450119296331577e-06,,,,"{""1"": 1.0, ""5"": 4.845, ""10"": 9.666, ""15"": 12.491, ""20"": 13.524, ""25"": 13.978, ""30"": 14.209}"
57500,0.19618,115,3.18186581756815e-06,,,,"{""1"": 1.003, ""5"": 4.847, ""10"": 9.668, ""15"": 12.489, ""20"": 13.523, ""25"": 13.978, ""30"": 14.21}"
58000,0.19609,116,3.0266768232778603e-06,,,,"{""1"": 1.001, ""5"": 4.848, ""10"": 9.669, ""15"": 12.483, ""20"": 13.516, ""25"": 13.971, ""30"": 14.203}"
58500,0.19513,117,2.879056854625253e-06,,,,"{""1"": 1.0, ""5"": 4.839, ""10"": 9.664, ""15"": 12.475, ""20"": 13.506, ""25"": 13.961, ""30"": 14.194}"
59000,0.19439,118,2.738636747873132e-06,,,,"{""1"": 1.003, ""5"": 4.848, ""10"": 9.674, ""15"": 12.485, ""20"": 13.513, ""25"": 13.966, ""30"": 14.198}"
59500,0.19501,119,2.605065344490162e-06,,,,"{""1"": 1.003, ""5"": 4.853, ""10"": 9.678, ""15"": 12.493, ""20"": 13.521, ""25"": 13.974, ""30"": 14.206}"
